{
    "Linear Regression": {
        "3": {
            "MAE": {
                "mean_score": 7081.437994261007,
                "std_score": 433.5727795560166
            },
            "RMSE": {
                "mean_score": 12446.424969690359,
                "std_score": 0
            },
            "R2": {
                "mean_score": 0.6129608256913867,
                "std_score": 0.03209547567760562
            }
        },
        "5": {
            "MAE": {
                "mean_score": 6342.068475748844,
                "std_score": 346.11623047825816
            },
            "RMSE": {
                "mean_score": 12446.424969690359,
                "std_score": 0
            },
            "R2": {
                "mean_score": 0.5685570770369441,
                "std_score": 0.029828199811151722
            }
        }
    },
    "Decision Tree Regressor": {
        "3": {
            "MAE": {
                "mean_score": 7738.345066450938,
                "std_score": 148.97171873539008
            },
            "RMSE": {
                "mean_score": 10280.128883233761,
                "std_score": 0
            },
            "R2": {
                "mean_score": 0.4128478696658626,
                "std_score": 0.01828236370553099
            }
        },
        "5": {
            "MAE": {
                "mean_score": 8626.349499576138,
                "std_score": 244.3655172520749
            },
            "RMSE": {
                "mean_score": 10280.128883233761,
                "std_score": 0
            },
            "R2": {
                "mean_score": 0.44731792262920306,
                "std_score": 0.033762581546101504
            }
        }
    },
    "Random Forest Regressor": {
        "3": {
            "MAE": {
                "mean_score": 6826.536752777927,
                "std_score": 269.73651016518704
            },
            "RMSE": {
                "mean_score": 7848.635329325205,
                "std_score": 0
            },
            "R2": {
                "mean_score": 0.7748805671362735,
                "std_score": 0.017670202886467756
            }
        },
        "5": {
            "MAE": {
                "mean_score": 8331.151678574905,
                "std_score": 195.497102724113
            },
            "RMSE": {
                "mean_score": 7848.635329325205,
                "std_score": 0
            },
            "R2": {
                "mean_score": 0.626977701415335,
                "std_score": 0.0352094697557638
            }
        }
    },
    "Gradient Boosting Regressor": {
        "3": {
            "MAE": {
                "mean_score": 5544.064765224613,
                "std_score": 498.66378742234855
            },
            "RMSE": {
                "mean_score": 9734.446930028118,
                "std_score": 0
            },
            "R2": {
                "mean_score": 0.7819947211061167,
                "std_score": 0.04532113127330417
            }
        },
        "5": {
            "MAE": {
                "mean_score": 9303.787129231383,
                "std_score": 367.947686725936
            },
            "RMSE": {
                "mean_score": 9734.446930028118,
                "std_score": 0
            },
            "R2": {
                "mean_score": 0.44583535896631094,
                "std_score": 0.03572810157070937
            }
        }
    },
    "K-Neighbors Regressor": {
        "3": {
            "MAE": {
                "mean_score": 9620.367596835355,
                "std_score": 74.01198467858939
            },
            "RMSE": {
                "mean_score": 9149.707983124297,
                "std_score": 0
            },
            "R2": {
                "mean_score": 0.34124346360730673,
                "std_score": 0.03915708150325461
            }
        },
        "5": {
            "MAE": {
                "mean_score": 9474.91366019248,
                "std_score": 499.41542348722373
            },
            "RMSE": {
                "mean_score": 9149.707983124297,
                "std_score": 0
            },
            "R2": {
                "mean_score": 0.7602163314440257,
                "std_score": 0.014180153229165798
            }
        }
    }
}